{
  "_comment": "Forge MCP Configuration - パスは環境に合わせて修正すること",
  "_repository": "https://github.com/laihuip001/Forge",
  
  "mcpServers": {
    "github": {
      "command": "npx",
      "args": ["@modelcontextprotocol/server-github"],
      "env": {
        "GITHUB_TOKEN": "${GITHUB_TOKEN}",
        "GITHUB_REPOSITORY": "laihuip001/Forge"
      }
    },
    "filesystem": {
      "command": "npx",
      "args": [
        "@modelcontextprotocol/server-filesystem",
        "{{FORGE_ROOT}}"
      ],
      "_note": "{{FORGE_ROOT}} を実際のパスに置換すること（例: /home/username/forge）"
    }
  }
}
